Algorithm,Mode,Run,Coupling,MoJoFM,Hypervolume,LLM_Calls,Dataset,Scenario
NSGA-II,Baseline,0,11225.000000004477,7.0812528370404,356486.5509026134,0,Apache-Flink,Semantic Ambiguity
NSGA-II,Baseline,1,11238.00000008175,7.262823422605538,355436.800352137,0,Apache-Flink,Semantic Ambiguity
NSGA-II,Baseline,2,11244.000000027976,7.217430776214254,354951.16076322895,0,Apache-Flink,Semantic Ambiguity
NSGA-II,Baseline,3,11284.000000334112,7.353608715388107,351695.16023670416,0,Apache-Flink,Semantic Ambiguity
NSGA-II,Baseline,4,11200.00000007193,7.489786654561962,358495.8003717814,0,Apache-Flink,Semantic Ambiguity
NSGA-II,Baseline,5,11182.000000064929,7.716749886518384,359934.71996133047,0,Apache-Flink,Semantic Ambiguity
NSGA-II,Baseline,6,11200.00000010191,7.172038129822969,358495.80031871115,0,Apache-Flink,Semantic Ambiguity
NSGA-II,Baseline,7,11222.000000293772,7.353608715388107,356728.3200007977,0,Apache-Flink,Semantic Ambiguity
NSGA-II,Baseline,8,11256.00000016021,7.308216068996823,353977.72052270244,0,Apache-Flink,Semantic Ambiguity
NSGA-II,Baseline,9,11161.0000003428,7.4443940081706765,361605.27064261236,0,Apache-Flink,Semantic Ambiguity
NSGA-II,Baseline,10,11199.000000081807,7.308216068996823,358575.9106554903,0,Apache-Flink,Semantic Ambiguity
NSGA-II,Baseline,11,11177.000000155429,7.4443940081706765,360333.2710763542,0,Apache-Flink,Semantic Ambiguity
NSGA-II,Baseline,12,11225.000000234551,7.625964593735815,356486.55100663024,0,Apache-Flink,Semantic Ambiguity
NSGA-II,Baseline,13,11216.000000000366,7.353608715388107,357211.3207329212,0,Apache-Flink,Semantic Ambiguity
NSGA-II,Baseline,14,11233.000000074242,7.262823422605538,355840.9507435844,0,Apache-Flink,Semantic Ambiguity
NSGA-II,Baseline,15,11294.000000101689,7.4443940081706765,350876.16100201476,0,Apache-Flink,Semantic Ambiguity
NSGA-II,Baseline,16,11215.00000006936,7.126645483431685,357291.74999419425,0,Apache-Flink,Semantic Ambiguity
NSGA-II,Baseline,17,11113.00000054389,7.535179300953246,365390.55042186246,0,Apache-Flink,Semantic Ambiguity
NSGA-II,Baseline,18,11156.000000031438,7.262823422605538,362001.72103806573,0,Apache-Flink,Semantic Ambiguity
NSGA-II,Baseline,19,11208.000000396545,7.489786654561962,357854.200209325,0,Apache-Flink,Semantic Ambiguity
NSGA-II,Baseline,20,11219.000000784967,6.945074897866546,356969.9099965035,0,Apache-Flink,Semantic Ambiguity
NSGA-II,Baseline,21,11217.000000013099,6.854289605083977,357130.8704560093,0,Apache-Flink,Semantic Ambiguity
NSGA-II,Baseline,22,11216.00000013279,7.035860190649116,357211.3199247634,0,Apache-Flink,Semantic Ambiguity
NSGA-II,Baseline,23,11191.000000398866,7.262823422605538,359216.0700015434,0,Apache-Flink,Semantic Ambiguity
NSGA-II,Baseline,24,11171.000000034797,7.399001361779392,360810.86996422894,0,Apache-Flink,Semantic Ambiguity
NSGA-II,Baseline,25,11207.000000291857,6.990467544257831,357934.4704595045,0,Apache-Flink,Semantic Ambiguity
NSGA-II,Baseline,26,11184.000000194308,7.0812528370404,359775.16102742887,0,Apache-Flink,Semantic Ambiguity
NSGA-II,Baseline,27,11212.000000122067,7.6713572401271,357532.9204919233,0,Apache-Flink,Semantic Ambiguity
NSGA-II,Baseline,28,11199.000000122933,7.035860190649116,358575.9099581753,0,Apache-Flink,Semantic Ambiguity
NSGA-II,Baseline,29,11236.0000000584,7.353608715388107,355598.5203267319,0,Apache-Flink,Semantic Ambiguity
NSGA-II,Semanti-MOP,0,11188.00000036243,7.262823422605538,359455.8012149716,80,Apache-Flink,Semantic Ambiguity
NSGA-II,Semanti-MOP,1,11199.000000078428,7.172038129822969,358575.9109236381,80,Apache-Flink,Semantic Ambiguity
NSGA-II,Semanti-MOP,2,11226.000000091153,7.308216068996823,356405.9211213244,80,Apache-Flink,Semantic Ambiguity
NSGA-II,Semanti-MOP,3,11207.000000173395,6.990467544257831,357934.470797764,80,Apache-Flink,Semantic Ambiguity
NSGA-II,Semanti-MOP,4,11212.000000022721,7.4443940081706765,357532.9204028101,80,Apache-Flink,Semantic Ambiguity
NSGA-II,Semanti-MOP,5,11219.000000089669,7.4443940081706765,356969.91033715376,80,Apache-Flink,Semantic Ambiguity
NSGA-II,Semanti-MOP,6,11146.000000514681,7.126645483431685,362793.1207120403,80,Apache-Flink,Semantic Ambiguity
NSGA-II,Semanti-MOP,7,11228.000000037315,7.9437131184748075,356244.6006899506,80,Apache-Flink,Semantic Ambiguity
NSGA-II,Semanti-MOP,8,11221.000000794324,7.489786654561962,356808.8699296886,80,Apache-Flink,Semantic Ambiguity
NSGA-II,Semanti-MOP,9,11211.00000032675,7.716749886518384,357613.2709157995,80,Apache-Flink,Semantic Ambiguity
NSGA-II,Semanti-MOP,10,11295.000000134996,7.535179300953246,350794.15051721607,80,Apache-Flink,Semantic Ambiguity
NSGA-II,Semanti-MOP,11,11197.00000048874,7.399001361779392,358736.07001039805,80,Apache-Flink,Semantic Ambiguity
NSGA-II,Semanti-MOP,12,11141.00000066023,7.580571947344531,363188.070913497,80,Apache-Flink,Semantic Ambiguity
NSGA-II,Semanti-MOP,13,11189.000000097813,7.716749886518384,359375.91021748004,80,Apache-Flink,Semantic Ambiguity
NSGA-II,Semanti-MOP,14,11163.000000941878,7.308216068996823,361446.5499949682,80,Apache-Flink,Semantic Ambiguity
NSGA-II,Semanti-MOP,15,11166.0000000231,7.172038129822969,361208.3202193102,80,Apache-Flink,Semantic Ambiguity
NSGA-II,Semanti-MOP,16,11188.00000054571,7.852927825692238,359455.800291251,80,Apache-Flink,Semantic Ambiguity
NSGA-II,Semanti-MOP,17,11200.000000395636,7.580571947344531,358495.80102663185,80,Apache-Flink,Semantic Ambiguity
NSGA-II,Semanti-MOP,18,11168.000000173066,7.489786654561962,361049.3999031023,80,Apache-Flink,Semantic Ambiguity
NSGA-II,Semanti-MOP,19,11199.000000439366,7.399001361779392,358575.9109952897,80,Apache-Flink,Semantic Ambiguity
NSGA-II,Semanti-MOP,20,11144.000000074586,7.716749886518384,362951.16086214053,80,Apache-Flink,Semantic Ambiguity
NSGA-II,Semanti-MOP,21,11209.000000267586,7.035860190649116,357773.91064069583,80,Apache-Flink,Semantic Ambiguity
NSGA-II,Semanti-MOP,22,11191.00000017542,7.580571947344531,359216.070260431,80,Apache-Flink,Semantic Ambiguity
NSGA-II,Semanti-MOP,23,11206.000000082651,7.126645483431685,358014.72052098904,80,Apache-Flink,Semantic Ambiguity
NSGA-II,Semanti-MOP,24,11249.000000080056,7.0812528370404,354545.90996253217,80,Apache-Flink,Semantic Ambiguity
NSGA-II,Semanti-MOP,25,11150.000000666389,7.807535179300953,362476.7999378905,80,Apache-Flink,Semantic Ambiguity
NSGA-II,Semanti-MOP,26,11178.00000020999,7.399001361779392,360253.60019167344,80,Apache-Flink,Semantic Ambiguity
NSGA-II,Semanti-MOP,27,11209.000000032533,7.625964593735815,357773.9109869596,80,Apache-Flink,Semantic Ambiguity
NSGA-II,Semanti-MOP,28,11193.000000575445,7.489786654561962,359056.1508559831,80,Apache-Flink,Semantic Ambiguity
NSGA-II,Semanti-MOP,29,11225.000000037233,7.126645483431685,356486.550000754,80,Apache-Flink,Semantic Ambiguity
MOEA/D,Baseline,0,11428.000000098931,7.126645483431685,339708.6011586173,0,Apache-Flink,Semantic Ambiguity
MOEA/D,Baseline,1,11421.000000270367,7.353608715388107,340300.86994898936,0,Apache-Flink,Semantic Ambiguity
MOEA/D,Baseline,2,11388.000000160702,7.353608715388107,343079.80073496554,0,Apache-Flink,Semantic Ambiguity
MOEA/D,Baseline,3,11415.000000821323,7.217430776214254,340807.7499976039,0,Apache-Flink,Semantic Ambiguity
MOEA/D,Baseline,4,11419.000000540791,7.217430776214254,340469.90991264925,0,Apache-Flink,Semantic Ambiguity
MOEA/D,Baseline,5,11415.000000240254,7.0812528370404,340807.7510449007,0,Apache-Flink,Semantic Ambiguity
MOEA/D,Baseline,6,11476.00000053652,7.035860190649116,335620.9207328847,0,Apache-Flink,Semantic Ambiguity
MOEA/D,Baseline,7,11422.00000020717,6.990467544257831,340216.32086832164,0,Apache-Flink,Semantic Ambiguity
MOEA/D,Baseline,8,11401.000000679638,7.126645483431685,341987.66991134285,0,Apache-Flink,Semantic Ambiguity
MOEA/D,Baseline,9,11458.000000078586,7.0812528370404,337159.1999807125,0,Apache-Flink,Semantic Ambiguity
MOEA/D,Baseline,10,11445.000000078027,7.262823422605538,338266.1504856849,0,Apache-Flink,Semantic Ambiguity
MOEA/D,Baseline,11,11343.000000146101,7.308216068996823,346834.1505137868,0,Apache-Flink,Semantic Ambiguity
MOEA/D,Baseline,12,11481.00000048097,7.8983204720835225,335192.47102008655,0,Apache-Flink,Semantic Ambiguity
MOEA/D,Baseline,13,11425.000000191005,6.990467544257831,339962.5499508483,0,Apache-Flink,Semantic Ambiguity
MOEA/D,Baseline,14,11413.000000794782,7.399001361779392,340976.5499422821,0,Apache-Flink,Semantic Ambiguity
MOEA/D,Baseline,15,11424.000000053575,7.262823422605538,340047.16038008564,0,Apache-Flink,Semantic Ambiguity
MOEA/D,Baseline,16,11463.000000431026,7.172038129822969,336732.54996551824,0,Apache-Flink,Semantic Ambiguity
MOEA/D,Baseline,17,11350.000000478978,7.535179300953246,346252.8006648918,0,Apache-Flink,Semantic Ambiguity
MOEA/D,Baseline,18,11398.000000164928,6.854289605083977,342239.9999128846,0,Apache-Flink,Semantic Ambiguity
MOEA/D,Baseline,19,11443.000000506669,7.262823422605538,338436.1499641092,0,Apache-Flink,Semantic Ambiguity
MOEA/D,Baseline,20,11449.00000063067,7.217430776214254,337925.90996342467,0,Apache-Flink,Semantic Ambiguity
MOEA/D,Baseline,21,11408.000000324135,7.489786654561962,341398.2002919595,0,Apache-Flink,Semantic Ambiguity
MOEA/D,Baseline,22,11418.000000484495,7.308216068996823,340554.39992313925,0,Apache-Flink,Semantic Ambiguity
MOEA/D,Baseline,23,11397.000000060649,7.4443940081706765,342324.0705287554,0,Apache-Flink,Semantic Ambiguity
MOEA/D,Baseline,24,11410.000000010728,7.217430776214254,341229.59992022126,0,Apache-Flink,Semantic Ambiguity
MOEA/D,Baseline,25,11445.000000213808,7.353608715388107,338266.1499681085,0,Apache-Flink,Semantic Ambiguity
MOEA/D,Baseline,26,11404.000000266875,6.990467544257831,341735.15994761884,0,Apache-Flink,Semantic Ambiguity
MOEA/D,Baseline,27,11411.000000110227,7.535179300953246,341145.2699601456,0,Apache-Flink,Semantic Ambiguity
MOEA/D,Baseline,28,11434.000000400922,7.308216068996823,339200.16044912883,0,Apache-Flink,Semantic Ambiguity
MOEA/D,Baseline,29,11359.000000183061,7.353608715388107,345503.9108506317,0,Apache-Flink,Semantic Ambiguity
MOEA/D,Semanti-MOP,0,11431.000000977914,7.126645483431685,339454.4699681998,80,Apache-Flink,Semantic Ambiguity
MOEA/D,Semanti-MOP,1,11429.000000573134,7.172038129822969,339623.91000838,78,Apache-Flink,Semantic Ambiguity
MOEA/D,Semanti-MOP,2,11387.000000166958,7.126645483431685,343163.66992222617,47,Apache-Flink,Semantic Ambiguity
MOEA/D,Semanti-MOP,3,11434.000000238693,7.172038129822969,339200.1609820732,0,Apache-Flink,Semantic Ambiguity
MOEA/D,Semanti-MOP,4,11430.000000151496,7.489786654561962,339539.2008194686,2,Apache-Flink,Semantic Ambiguity
MOEA/D,Semanti-MOP,5,11423.00000080444,7.172038129822969,340131.7500191115,80,Apache-Flink,Semantic Ambiguity
MOEA/D,Semanti-MOP,6,11438.000000320506,7.535179300953246,338860.8008016547,47,Apache-Flink,Semantic Ambiguity
MOEA/D,Semanti-MOP,7,11415.000000704638,7.535179300953246,340807.7499117886,80,Apache-Flink,Semantic Ambiguity
MOEA/D,Semanti-MOP,8,11425.000000313164,6.945074897866546,339962.5499844547,79,Apache-Flink,Semantic Ambiguity
MOEA/D,Semanti-MOP,9,11480.000000045742,7.399001361779392,335278.2002228221,25,Apache-Flink,Semantic Ambiguity
MOEA/D,Semanti-MOP,10,11427.00000048805,7.035860190649116,339793.270858894,10,Apache-Flink,Semantic Ambiguity
MOEA/D,Semanti-MOP,11,11404.000000317126,7.172038129822969,341735.16000513773,80,Apache-Flink,Semantic Ambiguity
MOEA/D,Semanti-MOP,12,11387.000000054788,6.899682251475261,343163.6707220696,15,Apache-Flink,Semantic Ambiguity
MOEA/D,Semanti-MOP,13,11405.00000020393,7.4443940081706765,341650.9507127239,15,Apache-Flink,Semantic Ambiguity
MOEA/D,Semanti-MOP,14,11405.000000397926,7.217430776214254,341650.95055951894,28,Apache-Flink,Semantic Ambiguity
MOEA/D,Semanti-MOP,15,11487.000000295599,7.172038129822969,334677.6706274942,5,Apache-Flink,Semantic Ambiguity
MOEA/D,Semanti-MOP,16,11429.000000306623,6.854289605083977,339623.91014464904,5,Apache-Flink,Semantic Ambiguity
MOEA/D,Semanti-MOP,17,11415.000000764261,7.172038129822969,340807.749993463,34,Apache-Flink,Semantic Ambiguity
MOEA/D,Semanti-MOP,18,11448.000000049184,7.308216068996823,338011.00040028803,15,Apache-Flink,Semantic Ambiguity
MOEA/D,Semanti-MOP,19,11399.0000001309,7.762142532909669,342155.9106551341,0,Apache-Flink,Semantic Ambiguity
MOEA/D,Semanti-MOP,20,11415.000000186265,7.217430776214254,340807.7499848223,18,Apache-Flink,Semantic Ambiguity
MOEA/D,Semanti-MOP,21,11457.000000058593,7.217430776214254,337244.4706963999,45,Apache-Flink,Semantic Ambiguity
MOEA/D,Semanti-MOP,22,11435.000000162363,6.899682251475261,339115.3506363601,5,Apache-Flink,Semantic Ambiguity
MOEA/D,Semanti-MOP,23,11405.000000196382,7.172038129822969,341650.9504397892,10,Apache-Flink,Semantic Ambiguity
MOEA/D,Semanti-MOP,24,11432.000000126376,7.0812528370404,339369.72035273706,37,Apache-Flink,Semantic Ambiguity
MOEA/D,Semanti-MOP,25,11414.000000112817,7.399001361779392,340892.16100942454,0,Apache-Flink,Semantic Ambiguity
MOEA/D,Semanti-MOP,26,11432.00000026208,7.217430776214254,339369.71998659056,80,Apache-Flink,Semantic Ambiguity
MOEA/D,Semanti-MOP,27,11403.000000933307,7.399001361779392,341819.3499802284,80,Apache-Flink,Semantic Ambiguity
MOEA/D,Semanti-MOP,28,11440.000000229757,7.4443940081706765,338691.0006740539,25,Apache-Flink,Semantic Ambiguity
MOEA/D,Semanti-MOP,29,11407.00000091686,7.262823422605538,341482.4699349135,80,Apache-Flink,Semantic Ambiguity
NSGA-III,Baseline,0,11128.000000879936,7.807535179300953,364212.6002616113,0,Apache-Flink,Semantic Ambiguity
NSGA-III,Baseline,1,11147.000000482232,7.535179300953246,362714.06994388025,0,Apache-Flink,Semantic Ambiguity
NSGA-III,Baseline,2,11167.000000587257,7.353608715388107,361128.8707787896,0,Apache-Flink,Semantic Ambiguity
NSGA-III,Baseline,3,11150.000000111788,7.535179300953246,362476.8000015419,0,Apache-Flink,Semantic Ambiguity
NSGA-III,Baseline,4,11138.000000221382,7.399001361779392,363424.7999356795,0,Apache-Flink,Semantic Ambiguity
NSGA-III,Baseline,5,11146.000000069309,7.262823422605538,362793.1198937489,0,Apache-Flink,Semantic Ambiguity
NSGA-III,Baseline,6,11157.000000466258,7.852927825692238,361922.47032114596,0,Apache-Flink,Semantic Ambiguity
NSGA-III,Baseline,7,11178.000000007294,7.126645483431685,360253.5999569855,0,Apache-Flink,Semantic Ambiguity
NSGA-III,Baseline,8,11187.000000440952,7.399001361779392,359535.6699604611,0,Apache-Flink,Semantic Ambiguity
NSGA-III,Baseline,9,11141.00000023749,7.217430776214254,363188.0699512802,0,Apache-Flink,Semantic Ambiguity
NSGA-III,Baseline,10,11189.00000054588,7.716749886518384,359375.9099725521,0,Apache-Flink,Semantic Ambiguity
NSGA-III,Baseline,11,11131.000000515902,7.217430776214254,363976.46997043357,0,Apache-Flink,Semantic Ambiguity
NSGA-III,Baseline,12,11166.000000746631,7.262823422605538,361208.3200077039,0,Apache-Flink,Semantic Ambiguity
NSGA-III,Baseline,13,11173.000000228369,7.353608715388107,360651.7499479608,0,Apache-Flink,Semantic Ambiguity
NSGA-III,Baseline,14,11171.000000661288,7.308216068996823,360810.8699924866,0,Apache-Flink,Semantic Ambiguity
NSGA-III,Baseline,15,11162.000000543843,7.762142532909669,361525.9203894385,0,Apache-Flink,Semantic Ambiguity
NSGA-III,Baseline,16,11284.00000006301,7.625964593735815,351695.16031221236,0,Apache-Flink,Semantic Ambiguity
NSGA-III,Baseline,17,11184.000000833545,7.308216068996823,359775.1599462901,0,Apache-Flink,Semantic Ambiguity
NSGA-III,Baseline,18,11222.000000085916,7.4443940081706765,356728.3201971981,0,Apache-Flink,Semantic Ambiguity
NSGA-III,Baseline,19,11155.000000296686,7.4443940081706765,362080.9499855909,0,Apache-Flink,Semantic Ambiguity
NSGA-III,Baseline,20,11178.000000889986,7.262823422605538,360253.5999915463,0,Apache-Flink,Semantic Ambiguity
NSGA-III,Baseline,21,11186.000000790249,7.762142532909669,359615.5199383672,0,Apache-Flink,Semantic Ambiguity
NSGA-III,Baseline,22,11209.000000160378,7.399001361779392,357773.9099234243,0,Apache-Flink,Semantic Ambiguity
NSGA-III,Baseline,23,11180.0000007486,7.262823422605538,360094.199999236,0,Apache-Flink,Semantic Ambiguity
NSGA-III,Baseline,24,11171.000000257707,7.535179300953246,360810.87058767205,0,Apache-Flink,Semantic Ambiguity
NSGA-III,Baseline,25,11172.000000000726,7.4443940081706765,360731.3199352546,0,Apache-Flink,Semantic Ambiguity
NSGA-III,Baseline,26,11174.0000005591,7.399001361779392,360572.1602025326,0,Apache-Flink,Semantic Ambiguity
NSGA-III,Baseline,27,11183.00000030799,7.172038129822969,359854.9499187512,0,Apache-Flink,Semantic Ambiguity
NSGA-III,Baseline,28,11201.000000973678,7.217430776214254,358415.6699515757,0,Apache-Flink,Semantic Ambiguity
NSGA-III,Baseline,29,11192.000000732569,7.4443940081706765,359136.11994259,0,Apache-Flink,Semantic Ambiguity
NSGA-III,Semanti-MOP,0,11152.000000365184,7.489786654561962,362318.5199602133,80,Apache-Flink,Semantic Ambiguity
NSGA-III,Semanti-MOP,1,11219.000000765318,7.308216068996823,356969.90998583223,80,Apache-Flink,Semantic Ambiguity
NSGA-III,Semanti-MOP,2,11189.000000115657,7.217430776214254,359375.9098929676,80,Apache-Flink,Semantic Ambiguity
NSGA-III,Semanti-MOP,3,11102.000000807237,7.4443940081706765,366251.5199991219,80,Apache-Flink,Semantic Ambiguity
NSGA-III,Semanti-MOP,4,11087.000000602235,7.172038129822969,367421.66994410625,80,Apache-Flink,Semantic Ambiguity
NSGA-III,Semanti-MOP,5,11177.000000557622,7.399001361779392,360333.269915801,80,Apache-Flink,Semantic Ambiguity
NSGA-III,Semanti-MOP,6,11113.000000778007,7.807535179300953,365390.5499844222,80,Apache-Flink,Semantic Ambiguity
NSGA-III,Semanti-MOP,7,11143.000000234962,7.172038129822969,363030.1499608356,80,Apache-Flink,Semantic Ambiguity
NSGA-III,Semanti-MOP,8,11134.000000560824,7.399001361779392,363740.15992705745,80,Apache-Flink,Semantic Ambiguity
NSGA-III,Semanti-MOP,9,11142.000000063717,7.172038129822969,363109.1199268095,80,Apache-Flink,Semantic Ambiguity
NSGA-III,Semanti-MOP,10,11139.000000233249,7.6713572401271,363345.91000216606,80,Apache-Flink,Semantic Ambiguity
NSGA-III,Semanti-MOP,11,11128.000000507309,7.535179300953246,364212.60000988044,80,Apache-Flink,Semantic Ambiguity
NSGA-III,Semanti-MOP,12,11147.000000870265,7.217430776214254,362714.06994097837,80,Apache-Flink,Semantic Ambiguity
NSGA-III,Semanti-MOP,13,11159.000000641774,7.172038129822969,361763.91001257574,80,Apache-Flink,Semantic Ambiguity
NSGA-III,Semanti-MOP,14,11150.000000321357,7.580571947344531,362476.8000104147,80,Apache-Flink,Semantic Ambiguity
NSGA-III,Semanti-MOP,15,11137.000000667782,7.399001361779392,363503.6699582571,80,Apache-Flink,Semantic Ambiguity
NSGA-III,Semanti-MOP,16,11283.00000040085,7.353608715388107,351776.9506461306,80,Apache-Flink,Semantic Ambiguity
NSGA-III,Semanti-MOP,17,11160.00000014026,7.625964593735815,361684.6002401923,80,Apache-Flink,Semantic Ambiguity
NSGA-III,Semanti-MOP,18,11234.000000565145,7.762142532909669,355760.16054419323,80,Apache-Flink,Semantic Ambiguity
NSGA-III,Semanti-MOP,19,11156.000000767193,6.990467544257831,362001.7199333528,80,Apache-Flink,Semantic Ambiguity
NSGA-III,Semanti-MOP,20,11155.000000126256,7.807535179300953,362080.94992134254,80,Apache-Flink,Semantic Ambiguity
NSGA-III,Semanti-MOP,21,11126.000000469367,6.899682251475261,364369.9204223891,80,Apache-Flink,Semantic Ambiguity
NSGA-III,Semanti-MOP,22,11184.000000483036,7.4443940081706765,359775.16027824796,80,Apache-Flink,Semantic Ambiguity
NSGA-III,Semanti-MOP,23,11153.000000661004,6.945074897866546,362239.3499591494,80,Apache-Flink,Semantic Ambiguity
NSGA-III,Semanti-MOP,24,11138.000000832693,7.762142532909669,363424.79997533717,80,Apache-Flink,Semantic Ambiguity
NSGA-III,Semanti-MOP,25,11162.000000617849,7.217430776214254,361525.92001625214,80,Apache-Flink,Semantic Ambiguity
NSGA-III,Semanti-MOP,26,11159.000000936303,7.262823422605538,361763.90992980194,80,Apache-Flink,Semantic Ambiguity
NSGA-III,Semanti-MOP,27,11163.000000141696,7.308216068996823,361446.5499267465,80,Apache-Flink,Semantic Ambiguity
NSGA-III,Semanti-MOP,28,11180.000000883774,6.808896958692692,360094.1999452864,80,Apache-Flink,Semantic Ambiguity
NSGA-III,Semanti-MOP,29,11132.000000265916,6.990467544257831,363897.7205437566,80,Apache-Flink,Semantic Ambiguity
AGE-MOEA-II,Baseline,0,11135.000000222577,7.6713572401271,363661.3499522159,0,Apache-Flink,Semantic Ambiguity
AGE-MOEA-II,Baseline,1,11245.000000102566,7.217430776214254,354870.15024069365,0,Apache-Flink,Semantic Ambiguity
AGE-MOEA-II,Baseline,2,11190.000000019178,7.399001361779392,359295.9999656746,0,Apache-Flink,Semantic Ambiguity
AGE-MOEA-II,Baseline,3,11231.00000065488,7.035860190649116,356002.46991833014,0,Apache-Flink,Semantic Ambiguity
AGE-MOEA-II,Baseline,4,11207.000000418755,7.625964593735815,357934.4710584293,0,Apache-Flink,Semantic Ambiguity
AGE-MOEA-II,Baseline,5,11235.000000326465,7.217430776214254,355679.3503762094,0,Apache-Flink,Semantic Ambiguity
AGE-MOEA-II,Baseline,6,11229.000000258571,7.172038129822969,356163.91101047985,0,Apache-Flink,Semantic Ambiguity
AGE-MOEA-II,Baseline,7,11178.000000229937,7.535179300953246,360253.6004757808,0,Apache-Flink,Semantic Ambiguity
AGE-MOEA-II,Baseline,8,11229.000000135864,7.262823422605538,356163.9109426107,0,Apache-Flink,Semantic Ambiguity
AGE-MOEA-II,Baseline,9,11152.00000043806,7.308216068996823,362318.51998382376,0,Apache-Flink,Semantic Ambiguity
AGE-MOEA-II,Baseline,10,11210.000000378448,6.990467544257831,357693.6010026945,0,Apache-Flink,Semantic Ambiguity
AGE-MOEA-II,Baseline,11,11214.000000108555,7.262823422605538,357372.1605534822,0,Apache-Flink,Semantic Ambiguity
AGE-MOEA-II,Baseline,12,11161.00000013459,7.6713572401271,361605.27013352694,0,Apache-Flink,Semantic Ambiguity
AGE-MOEA-II,Baseline,13,11102.000000020771,7.353608715388107,366251.51997084636,0,Apache-Flink,Semantic Ambiguity
AGE-MOEA-II,Baseline,14,11241.000000130465,7.580571947344531,355194.0704782434,0,Apache-Flink,Semantic Ambiguity
AGE-MOEA-II,Baseline,15,11211.000000088638,7.4443940081706765,357613.26999401604,0,Apache-Flink,Semantic Ambiguity
AGE-MOEA-II,Baseline,16,11307.000000191905,6.945074897866546,349808.4705270558,0,Apache-Flink,Semantic Ambiguity
AGE-MOEA-II,Baseline,17,11168.000000113068,7.308216068996823,361049.4010201705,0,Apache-Flink,Semantic Ambiguity
AGE-MOEA-II,Baseline,18,11172.00000002836,7.535179300953246,360731.32034028444,0,Apache-Flink,Semantic Ambiguity
AGE-MOEA-II,Baseline,19,11267.000000287535,7.489786654561962,353082.87085150654,0,Apache-Flink,Semantic Ambiguity
AGE-MOEA-II,Baseline,20,11196.000000066031,7.399001361779392,358816.1203537062,0,Apache-Flink,Semantic Ambiguity
AGE-MOEA-II,Baseline,21,11196.00000000844,7.308216068996823,358816.12020532216,0,Apache-Flink,Semantic Ambiguity
AGE-MOEA-II,Baseline,22,11256.000000094713,7.852927825692238,353977.72055929096,0,Apache-Flink,Semantic Ambiguity
AGE-MOEA-II,Baseline,23,11185.000000475375,6.763504312301408,359695.3506728132,0,Apache-Flink,Semantic Ambiguity
AGE-MOEA-II,Baseline,24,11225.00000005246,7.353608715388107,356486.5507507859,0,Apache-Flink,Semantic Ambiguity
AGE-MOEA-II,Baseline,25,11235.00000030085,7.217430776214254,355679.35060790053,0,Apache-Flink,Semantic Ambiguity
AGE-MOEA-II,Baseline,26,11226.00000004912,7.172038129822969,356405.9204278527,0,Apache-Flink,Semantic Ambiguity
AGE-MOEA-II,Baseline,27,11148.000000542077,7.172038129822969,362635.0007909419,0,Apache-Flink,Semantic Ambiguity
AGE-MOEA-II,Baseline,28,11200.00000063886,7.262823422605538,358495.799976135,0,Apache-Flink,Semantic Ambiguity
AGE-MOEA-II,Baseline,29,11259.000000084303,7.217430776214254,353733.91112819326,0,Apache-Flink,Semantic Ambiguity
AGE-MOEA-II,Semanti-MOP,0,11173.000000138998,7.399001361779392,360651.7500019385,80,Apache-Flink,Semantic Ambiguity
AGE-MOEA-II,Semanti-MOP,1,11173.000000145454,7.535179300953246,360651.7499012394,80,Apache-Flink,Semantic Ambiguity
AGE-MOEA-II,Semanti-MOP,2,11232.00000013553,7.399001361779392,355921.72112510336,80,Apache-Flink,Semantic Ambiguity
AGE-MOEA-II,Semanti-MOP,3,11209.000000119084,6.990467544257831,357773.91084375884,80,Apache-Flink,Semantic Ambiguity
AGE-MOEA-II,Semanti-MOP,4,11194.000000083484,7.399001361779392,358976.1609829242,80,Apache-Flink,Semantic Ambiguity
AGE-MOEA-II,Semanti-MOP,5,11176.000000866221,7.353608715388107,360412.9199858422,80,Apache-Flink,Semantic Ambiguity
AGE-MOEA-II,Semanti-MOP,6,11184.000000582024,7.0812528370404,359775.1599372973,80,Apache-Flink,Semantic Ambiguity
AGE-MOEA-II,Semanti-MOP,7,11237.000000046817,7.217430776214254,355517.67036872805,80,Apache-Flink,Semantic Ambiguity
AGE-MOEA-II,Semanti-MOP,8,11214.000000019601,7.217430776214254,357372.16006255656,80,Apache-Flink,Semantic Ambiguity
AGE-MOEA-II,Semanti-MOP,9,11304.000000145237,8.170676350431231,350055.1599920769,80,Apache-Flink,Semantic Ambiguity
AGE-MOEA-II,Semanti-MOP,10,11207.000000720964,7.353608715388107,357934.4711392848,80,Apache-Flink,Semantic Ambiguity
AGE-MOEA-II,Semanti-MOP,11,11195.000000345684,7.6713572401271,358896.1501018114,80,Apache-Flink,Semantic Ambiguity
AGE-MOEA-II,Semanti-MOP,12,11165.000000037273,7.399001361779392,361287.7503224906,80,Apache-Flink,Semantic Ambiguity
AGE-MOEA-II,Semanti-MOP,13,11176.000000341037,7.535179300953246,360412.92050767166,80,Apache-Flink,Semantic Ambiguity
AGE-MOEA-II,Semanti-MOP,14,11208.000000056605,7.0812528370404,357854.20029130013,80,Apache-Flink,Semantic Ambiguity
AGE-MOEA-II,Semanti-MOP,15,11204.000000740743,6.808896958692692,358175.1606705987,80,Apache-Flink,Semantic Ambiguity
AGE-MOEA-II,Semanti-MOP,16,11225.00000005249,7.807535179300953,356486.5508334814,80,Apache-Flink,Semantic Ambiguity
AGE-MOEA-II,Semanti-MOP,17,11175.000000768012,7.262823422605538,360492.55081344966,80,Apache-Flink,Semantic Ambiguity
AGE-MOEA-II,Semanti-MOP,18,11247.000000028487,7.172038129822969,354708.07048554387,80,Apache-Flink,Semantic Ambiguity
AGE-MOEA-II,Semanti-MOP,19,11233.000000245855,6.945074897866546,355840.9498957199,80,Apache-Flink,Semantic Ambiguity
AGE-MOEA-II,Semanti-MOP,20,11209.000000090824,7.353608715388107,357773.91095672286,80,Apache-Flink,Semantic Ambiguity
AGE-MOEA-II,Semanti-MOP,21,11174.00000005037,7.4443940081706765,360572.1604396509,80,Apache-Flink,Semantic Ambiguity
AGE-MOEA-II,Semanti-MOP,22,11144.000000456623,7.262823422605538,362951.1602530561,80,Apache-Flink,Semantic Ambiguity
AGE-MOEA-II,Semanti-MOP,23,11206.0000001922,7.399001361779392,358014.72089155286,80,Apache-Flink,Semantic Ambiguity
AGE-MOEA-II,Semanti-MOP,24,11089.000000040352,7.6713572401271,367265.9102255347,80,Apache-Flink,Semantic Ambiguity
AGE-MOEA-II,Semanti-MOP,25,11248.000000144055,7.217430776214254,354627.00038615643,80,Apache-Flink,Semantic Ambiguity
AGE-MOEA-II,Semanti-MOP,26,11195.000000240701,7.399001361779392,358896.14997411886,80,Apache-Flink,Semantic Ambiguity
AGE-MOEA-II,Semanti-MOP,27,11160.000000065222,7.308216068996823,361684.6009959313,80,Apache-Flink,Semantic Ambiguity
AGE-MOEA-II,Semanti-MOP,28,11185.000000470305,7.535179300953246,359695.35093610507,80,Apache-Flink,Semantic Ambiguity
AGE-MOEA-II,Semanti-MOP,29,11185.000000189868,7.535179300953246,359695.3505979193,80,Apache-Flink,Semantic Ambiguity
R-NSGA-II,Baseline,0,11208.000000999513,7.035860190649116,357854.1999483149,0,Apache-Flink,Semantic Ambiguity
R-NSGA-II,Baseline,1,11247.000000292783,7.217430776214254,354708.07078072504,0,Apache-Flink,Semantic Ambiguity
R-NSGA-II,Baseline,2,11239.000000014024,7.217430776214254,355355.91047304537,0,Apache-Flink,Semantic Ambiguity
R-NSGA-II,Baseline,3,11202.00000034965,7.217430776214254,358335.52073790104,0,Apache-Flink,Semantic Ambiguity
R-NSGA-II,Baseline,4,11227.000000339447,7.353608715388107,356325.2708366682,0,Apache-Flink,Semantic Ambiguity
R-NSGA-II,Baseline,5,11190.00000056937,7.489786654561962,359295.99994761084,0,Apache-Flink,Semantic Ambiguity
R-NSGA-II,Baseline,6,11217.00000060714,7.489786654561962,357130.8707313454,0,Apache-Flink,Semantic Ambiguity
R-NSGA-II,Baseline,7,11211.000000748449,7.217430776214254,357613.2700022886,0,Apache-Flink,Semantic Ambiguity
R-NSGA-II,Baseline,8,11275.000000114338,7.399001361779392,352430.5510154952,0,Apache-Flink,Semantic Ambiguity
R-NSGA-II,Baseline,9,11237.00000004533,7.535179300953246,355517.6703541479,0,Apache-Flink,Semantic Ambiguity
R-NSGA-II,Baseline,10,11229.000000340471,7.399001361779392,356163.9110068866,0,Apache-Flink,Semantic Ambiguity
R-NSGA-II,Baseline,11,11188.00000011769,6.854289605083977,359455.80039105675,0,Apache-Flink,Semantic Ambiguity
R-NSGA-II,Baseline,12,11239.000000038413,7.625964593735815,355355.91015739855,0,Apache-Flink,Semantic Ambiguity
R-NSGA-II,Baseline,13,11250.000000041675,7.353608715388107,354464.80053802836,0,Apache-Flink,Semantic Ambiguity
R-NSGA-II,Baseline,14,11143.000000204049,7.6713572401271,363030.1499630578,0,Apache-Flink,Semantic Ambiguity
R-NSGA-II,Baseline,15,11267.000000394126,7.807535179300953,353082.8700776621,0,Apache-Flink,Semantic Ambiguity
R-NSGA-II,Baseline,16,11211.000000338601,7.172038129822969,357613.270742137,0,Apache-Flink,Semantic Ambiguity
R-NSGA-II,Baseline,17,11199.0000003185,7.399001361779392,358575.9099952183,0,Apache-Flink,Semantic Ambiguity
R-NSGA-II,Baseline,18,11218.000000149625,7.4443940081706765,357050.4011063828,0,Apache-Flink,Semantic Ambiguity
R-NSGA-II,Baseline,19,11171.000000607357,7.399001361779392,360810.87023429445,0,Apache-Flink,Semantic Ambiguity
R-NSGA-II,Baseline,20,11210.000000037928,7.580571947344531,357693.600136723,0,Apache-Flink,Semantic Ambiguity
R-NSGA-II,Baseline,21,11276.00000002599,7.308216068996823,352348.92097845906,0,Apache-Flink,Semantic Ambiguity
R-NSGA-II,Baseline,22,11180.000000183982,7.308216068996823,360094.19996720273,0,Apache-Flink,Semantic Ambiguity
R-NSGA-II,Baseline,23,11226.000000005146,7.172038129822969,356405.92034214764,0,Apache-Flink,Semantic Ambiguity
R-NSGA-II,Baseline,24,11182.000000334847,7.308216068996823,359934.7204138142,0,Apache-Flink,Semantic Ambiguity
R-NSGA-II,Baseline,25,11216.00000004337,8.034498411257376,357211.32000520773,0,Apache-Flink,Semantic Ambiguity
R-NSGA-II,Baseline,26,11152.000000170252,7.399001361779392,362318.52060463035,0,Apache-Flink,Semantic Ambiguity
R-NSGA-II,Baseline,27,11223.000000122314,7.353608715388107,356647.7507369689,0,Apache-Flink,Semantic Ambiguity
R-NSGA-II,Baseline,28,11177.000000296752,6.945074897866546,360333.2699143941,0,Apache-Flink,Semantic Ambiguity
R-NSGA-II,Baseline,29,11174.000000072774,7.0812528370404,360572.160002,0,Apache-Flink,Semantic Ambiguity
R-NSGA-II,Semanti-MOP,0,11262.000000140284,6.899682251475261,353489.92071542057,80,Apache-Flink,Semantic Ambiguity
R-NSGA-II,Semanti-MOP,1,11141.000000414699,7.126645483431685,363188.07073965593,80,Apache-Flink,Semantic Ambiguity
R-NSGA-II,Semanti-MOP,2,11237.000000116004,7.353608715388107,355517.6708638205,80,Apache-Flink,Semantic Ambiguity
R-NSGA-II,Semanti-MOP,3,11171.000000355878,7.353608715388107,360810.8706228386,80,Apache-Flink,Semantic Ambiguity
R-NSGA-II,Semanti-MOP,4,11206.00000025253,6.990467544257831,358014.72071543377,80,Apache-Flink,Semantic Ambiguity
R-NSGA-II,Semanti-MOP,5,11186.00000001184,7.399001361779392,359615.5205730814,80,Apache-Flink,Semantic Ambiguity
R-NSGA-II,Semanti-MOP,6,11224.000000992413,7.217430776214254,356567.16002157546,80,Apache-Flink,Semantic Ambiguity
R-NSGA-II,Semanti-MOP,7,11202.000000120752,7.535179300953246,358335.5203813111,80,Apache-Flink,Semantic Ambiguity
R-NSGA-II,Semanti-MOP,8,11209.000000391032,7.807535179300953,357773.9099953814,80,Apache-Flink,Semantic Ambiguity
R-NSGA-II,Semanti-MOP,9,11140.000000659591,7.217430776214254,363267.000013394,80,Apache-Flink,Semantic Ambiguity
R-NSGA-II,Semanti-MOP,10,11197.000000054853,7.535179300953246,358736.0706070475,80,Apache-Flink,Semantic Ambiguity
R-NSGA-II,Semanti-MOP,11,11220.000000292555,7.4443940081706765,356889.39992693724,80,Apache-Flink,Semantic Ambiguity
R-NSGA-II,Semanti-MOP,12,11262.000000056634,7.262823422605538,353489.92057279206,80,Apache-Flink,Semantic Ambiguity
R-NSGA-II,Semanti-MOP,13,11173.000000046075,7.6713572401271,360651.74997343594,80,Apache-Flink,Semantic Ambiguity
R-NSGA-II,Semanti-MOP,14,11214.000000971606,7.262823422605538,357372.15999025456,80,Apache-Flink,Semantic Ambiguity
R-NSGA-II,Semanti-MOP,15,11286.000000130687,7.716749886518384,351531.52023178263,80,Apache-Flink,Semantic Ambiguity
R-NSGA-II,Semanti-MOP,16,11261.000000089145,7.172038129822969,353571.2702433314,80,Apache-Flink,Semantic Ambiguity
R-NSGA-II,Semanti-MOP,17,11266.000000656497,7.217430776214254,353164.3209914467,80,Apache-Flink,Semantic Ambiguity
R-NSGA-II,Semanti-MOP,18,11185.000000162267,7.262823422605538,359695.35040389537,80,Apache-Flink,Semantic Ambiguity
R-NSGA-II,Semanti-MOP,19,11266.000000352027,7.217430776214254,353164.32062864903,80,Apache-Flink,Semantic Ambiguity
R-NSGA-II,Semanti-MOP,20,11197.000000221013,7.762142532909669,358736.06998427707,80,Apache-Flink,Semantic Ambiguity
R-NSGA-II,Semanti-MOP,21,11272.000000611584,7.035860190649116,352675.31997831253,80,Apache-Flink,Semantic Ambiguity
R-NSGA-II,Semanti-MOP,22,11176.000000403323,7.535179300953246,360412.91993279086,80,Apache-Flink,Semantic Ambiguity
R-NSGA-II,Semanti-MOP,23,11258.000000629369,7.353608715388107,353815.2000059628,80,Apache-Flink,Semantic Ambiguity
R-NSGA-II,Semanti-MOP,24,11144.000000425884,7.353608715388107,362951.160918669,80,Apache-Flink,Semantic Ambiguity
R-NSGA-II,Semanti-MOP,25,11081.000000578573,7.262823422605538,367888.46999175526,80,Apache-Flink,Semantic Ambiguity
R-NSGA-II,Semanti-MOP,26,11228.000000121388,7.353608715388107,356244.6009275155,80,Apache-Flink,Semantic Ambiguity
R-NSGA-II,Semanti-MOP,27,11280.00000001174,7.762142532909669,352022.2006731388,80,Apache-Flink,Semantic Ambiguity
R-NSGA-II,Semanti-MOP,28,11174.00000013138,7.172038129822969,360572.16025211976,80,Apache-Flink,Semantic Ambiguity
R-NSGA-II,Semanti-MOP,29,11224.000000373655,7.535179300953246,356567.160733284,80,Apache-Flink,Semantic Ambiguity
U-NSGA-III,Baseline,0,11182.000000544434,7.535179300953246,359934.7201108894,0,Apache-Flink,Semantic Ambiguity
U-NSGA-III,Baseline,1,11109.00000002428,7.489786654561962,365703.90998477314,0,Apache-Flink,Semantic Ambiguity
U-NSGA-III,Baseline,2,11191.000000373078,7.353608715388107,359216.0699802612,0,Apache-Flink,Semantic Ambiguity
U-NSGA-III,Baseline,3,11133.000000856064,7.580571947344531,363818.9500016707,0,Apache-Flink,Semantic Ambiguity
U-NSGA-III,Baseline,4,11198.00000013253,7.308216068996823,358656.0005239481,0,Apache-Flink,Semantic Ambiguity
U-NSGA-III,Baseline,5,11295.000000093421,7.308216068996823,350794.1509937493,0,Apache-Flink,Semantic Ambiguity
U-NSGA-III,Baseline,6,11151.00000023045,7.9437131184748075,362397.66998509073,0,Apache-Flink,Semantic Ambiguity
U-NSGA-III,Baseline,7,11156.000000107797,7.807535179300953,362001.71997650707,0,Apache-Flink,Semantic Ambiguity
U-NSGA-III,Baseline,8,11208.000000181899,7.625964593735815,357854.2005844696,0,Apache-Flink,Semantic Ambiguity
U-NSGA-III,Baseline,9,11185.000000233134,7.0812528370404,359695.3507304786,0,Apache-Flink,Semantic Ambiguity
U-NSGA-III,Baseline,10,11212.000000429407,7.580571947344531,357532.9204927159,0,Apache-Flink,Semantic Ambiguity
U-NSGA-III,Baseline,11,11124.000000289421,7.580571947344531,364527.1608295667,0,Apache-Flink,Semantic Ambiguity
U-NSGA-III,Baseline,12,11200.000000221718,7.489786654561962,358495.79999864224,0,Apache-Flink,Semantic Ambiguity
U-NSGA-III,Baseline,13,11268.000000431564,7.353608715388107,353001.4003908566,0,Apache-Flink,Semantic Ambiguity
U-NSGA-III,Baseline,14,11195.000000614482,7.625964593735815,358896.15044103016,0,Apache-Flink,Semantic Ambiguity
U-NSGA-III,Baseline,15,11190.000000044269,7.126645483431685,359296.0002389442,0,Apache-Flink,Semantic Ambiguity
U-NSGA-III,Baseline,16,11176.000000198994,7.262823422605538,360412.91989606206,0,Apache-Flink,Semantic Ambiguity
U-NSGA-III,Baseline,17,11120.000000267939,7.217430776214254,364841.3999048056,0,Apache-Flink,Semantic Ambiguity
U-NSGA-III,Baseline,18,11208.000000233067,7.489786654561962,357854.2007107552,0,Apache-Flink,Semantic Ambiguity
U-NSGA-III,Baseline,19,11200.000000062413,7.399001361779392,358495.7999981014,0,Apache-Flink,Semantic Ambiguity
U-NSGA-III,Baseline,20,11163.000000013868,7.035860190649116,361446.5499613843,0,Apache-Flink,Semantic Ambiguity
U-NSGA-III,Baseline,21,11150.00000034222,7.308216068996823,362476.7999534537,0,Apache-Flink,Semantic Ambiguity
U-NSGA-III,Baseline,22,11211.000000336313,7.172038129822969,357613.2699072779,0,Apache-Flink,Semantic Ambiguity
U-NSGA-III,Baseline,23,11222.000000051008,7.217430776214254,356728.3203433636,0,Apache-Flink,Semantic Ambiguity
U-NSGA-III,Baseline,24,11148.00000099027,7.762142532909669,362635.0005189512,0,Apache-Flink,Semantic Ambiguity
U-NSGA-III,Baseline,25,11103.000000447595,7.172038129822969,366173.3499491791,0,Apache-Flink,Semantic Ambiguity
U-NSGA-III,Baseline,26,11157.00000048872,7.0812528370404,361922.4700151465,0,Apache-Flink,Semantic Ambiguity
U-NSGA-III,Baseline,27,11144.000000048276,7.172038129822969,362951.16031129146,0,Apache-Flink,Semantic Ambiguity
U-NSGA-III,Baseline,28,11281.000000030983,7.262823422605538,351940.47084584535,0,Apache-Flink,Semantic Ambiguity
U-NSGA-III,Baseline,29,11130.000000335916,7.489786654561962,364055.19997779274,0,Apache-Flink,Semantic Ambiguity
U-NSGA-III,Semanti-MOP,0,11203.000000572461,6.990467544257831,358255.35047381767,80,Apache-Flink,Semantic Ambiguity
U-NSGA-III,Semanti-MOP,1,11167.000000435753,6.990467544257831,361128.8699991565,80,Apache-Flink,Semantic Ambiguity
U-NSGA-III,Semanti-MOP,2,11174.000000132717,7.625964593735815,360572.1608326516,80,Apache-Flink,Semantic Ambiguity
U-NSGA-III,Semanti-MOP,3,11212.000000030392,7.217430776214254,357532.92008640297,80,Apache-Flink,Semantic Ambiguity
U-NSGA-III,Semanti-MOP,4,11216.000000790242,7.399001361779392,357211.3199921743,80,Apache-Flink,Semantic Ambiguity
U-NSGA-III,Semanti-MOP,5,11130.00000024056,7.399001361779392,364055.1999973956,80,Apache-Flink,Semantic Ambiguity
U-NSGA-III,Semanti-MOP,6,11194.000000011083,7.262823422605538,358976.1603991782,80,Apache-Flink,Semantic Ambiguity
U-NSGA-III,Semanti-MOP,7,11167.00000002225,7.625964593735815,361128.8699946603,80,Apache-Flink,Semantic Ambiguity
U-NSGA-III,Semanti-MOP,8,11264.000000460886,7.580571947344531,353327.15992399707,80,Apache-Flink,Semantic Ambiguity
U-NSGA-III,Semanti-MOP,9,11225.000000826863,7.489786654561962,356486.5509220704,80,Apache-Flink,Semantic Ambiguity
U-NSGA-III,Semanti-MOP,10,11194.000000087817,7.0812528370404,358976.1599506905,80,Apache-Flink,Semantic Ambiguity
U-NSGA-III,Semanti-MOP,11,11195.000000713817,7.172038129822969,358896.15086786874,80,Apache-Flink,Semantic Ambiguity
U-NSGA-III,Semanti-MOP,12,11202.000000228685,6.990467544257831,358335.52027216624,80,Apache-Flink,Semantic Ambiguity
U-NSGA-III,Semanti-MOP,13,11136.000000182104,7.035860190649116,363582.5207831602,80,Apache-Flink,Semantic Ambiguity
U-NSGA-III,Semanti-MOP,14,11202.000000272174,6.945074897866546,358335.51999007614,80,Apache-Flink,Semantic Ambiguity
U-NSGA-III,Semanti-MOP,15,11241.000000569133,7.172038129822969,355194.06994843227,80,Apache-Flink,Semantic Ambiguity
U-NSGA-III,Semanti-MOP,16,11216.000000230879,7.217430776214254,357211.3208016825,80,Apache-Flink,Semantic Ambiguity
U-NSGA-III,Semanti-MOP,17,11215.000000024118,7.0812528370404,357291.75103159895,80,Apache-Flink,Semantic Ambiguity
U-NSGA-III,Semanti-MOP,18,11217.00000009506,7.0812528370404,357130.86998665286,80,Apache-Flink,Semantic Ambiguity
U-NSGA-III,Semanti-MOP,19,11229.00000002049,7.262823422605538,356163.91034028906,80,Apache-Flink,Semantic Ambiguity
U-NSGA-III,Semanti-MOP,20,11181.000000476763,7.217430776214254,360014.46994063,80,Apache-Flink,Semantic Ambiguity
U-NSGA-III,Semanti-MOP,21,11117.000000354597,7.217430776214254,365076.8707395651,80,Apache-Flink,Semantic Ambiguity
U-NSGA-III,Semanti-MOP,22,11235.000000146592,7.308216068996823,355679.34997892403,80,Apache-Flink,Semantic Ambiguity
U-NSGA-III,Semanti-MOP,23,11178.000000375521,7.6713572401271,360253.60065886535,80,Apache-Flink,Semantic Ambiguity
U-NSGA-III,Semanti-MOP,24,11230.000000098233,7.308216068996823,356083.199980073,80,Apache-Flink,Semantic Ambiguity
U-NSGA-III,Semanti-MOP,25,11157.000000154478,7.262823422605538,361922.46991058,80,Apache-Flink,Semantic Ambiguity
U-NSGA-III,Semanti-MOP,26,11189.000000774291,7.535179300953246,359375.90997680736,80,Apache-Flink,Semantic Ambiguity
U-NSGA-III,Semanti-MOP,27,11161.000000792475,7.807535179300953,361605.2699394416,80,Apache-Flink,Semantic Ambiguity
U-NSGA-III,Semanti-MOP,28,11212.000000013935,7.308216068996823,357532.9205941198,80,Apache-Flink,Semantic Ambiguity
U-NSGA-III,Semanti-MOP,29,11199.000000613578,7.217430776214254,358575.90994969505,80,Apache-Flink,Semantic Ambiguity
Random Search,Baseline,0,11426.000000084521,7.217430776214254,339877.92091424315,0,Apache-Flink,Semantic Ambiguity
Random Search,Baseline,1,11422.000000225278,7.217430776214254,340216.3203263006,0,Apache-Flink,Semantic Ambiguity
Random Search,Baseline,2,11405.000000179862,7.353608715388107,341650.95036426815,0,Apache-Flink,Semantic Ambiguity
Random Search,Baseline,3,11401.000000019758,7.625964593735815,341987.6711039015,0,Apache-Flink,Semantic Ambiguity
Random Search,Baseline,4,11400.000000256538,7.126645483431685,342071.80095979304,0,Apache-Flink,Semantic Ambiguity
Random Search,Baseline,5,11445.000000047934,7.535179300953246,338266.1502864374,0,Apache-Flink,Semantic Ambiguity
Random Search,Baseline,6,11438.00000017029,7.4443940081706765,338860.8006386252,0,Apache-Flink,Semantic Ambiguity
Random Search,Baseline,7,11418.000000359476,7.126645483431685,340554.4008381966,0,Apache-Flink,Semantic Ambiguity
Random Search,Baseline,8,11413.00000011058,7.217430776214254,340976.5508467553,0,Apache-Flink,Semantic Ambiguity
Random Search,Baseline,9,11386.000000041475,7.172038129822969,343247.5204127984,0,Apache-Flink,Semantic Ambiguity
Random Search,Baseline,10,11388.00000001688,7.716749886518384,343079.80057406594,0,Apache-Flink,Semantic Ambiguity
Random Search,Baseline,11,11402.00000000167,7.035860190649116,341903.5199995053,0,Apache-Flink,Semantic Ambiguity
Random Search,Baseline,12,11397.00000000656,7.217430776214254,342324.07120578876,0,Apache-Flink,Semantic Ambiguity
Random Search,Baseline,13,11411.000000157534,7.535179300953246,341145.27052241284,0,Apache-Flink,Semantic Ambiguity
Random Search,Baseline,14,11388.000000064963,7.4443940081706765,343079.8004762802,0,Apache-Flink,Semantic Ambiguity
Random Search,Baseline,15,11394.000000271622,7.353608715388107,342576.1605768598,0,Apache-Flink,Semantic Ambiguity
Random Search,Baseline,16,11408.000000299775,7.489786654561962,341398.2007794608,0,Apache-Flink,Semantic Ambiguity
Random Search,Baseline,17,11385.000000030177,7.0812528370404,343331.35029852437,0,Apache-Flink,Semantic Ambiguity
Random Search,Baseline,18,11369.000000404612,7.4443940081706765,344669.91078251804,0,Apache-Flink,Semantic Ambiguity
Random Search,Baseline,19,11405.000000194528,7.535179300953246,341650.95037122443,0,Apache-Flink,Semantic Ambiguity
Random Search,Baseline,20,11382.000000035081,7.308216068996823,343582.7202150567,0,Apache-Flink,Semantic Ambiguity
Random Search,Baseline,21,11419.000000129174,7.172038129822969,340469.9107091514,0,Apache-Flink,Semantic Ambiguity
Random Search,Baseline,22,11421.000000107544,7.4443940081706765,340300.8703371201,0,Apache-Flink,Semantic Ambiguity
Random Search,Baseline,23,11414.000000122425,7.4443940081706765,340892.1609387484,0,Apache-Flink,Semantic Ambiguity
Random Search,Baseline,24,11422.000000131608,6.899682251475261,340216.3201317288,0,Apache-Flink,Semantic Ambiguity
Random Search,Baseline,25,11396.000000012118,6.763504312301408,342408.1202691449,0,Apache-Flink,Semantic Ambiguity
Random Search,Baseline,26,11389.00000033582,7.172038129822969,342995.9106843596,0,Apache-Flink,Semantic Ambiguity
Random Search,Baseline,27,11385.000000001715,7.126645483431685,343331.35014070105,0,Apache-Flink,Semantic Ambiguity
Random Search,Baseline,28,11430.000000129938,7.353608715388107,339539.2009348305,0,Apache-Flink,Semantic Ambiguity
Random Search,Baseline,29,11410.000000183196,7.308216068996823,341229.60109957156,0,Apache-Flink,Semantic Ambiguity
Random Search,Semanti-MOP,0,11409.00000019214,7.172038129822969,341313.91083224164,80,Apache-Flink,Semantic Ambiguity
Random Search,Semanti-MOP,1,11419.000000087382,7.217430776214254,340469.9108224881,80,Apache-Flink,Semantic Ambiguity
Random Search,Semanti-MOP,2,11394.00000018112,7.399001361779392,342576.1606068134,80,Apache-Flink,Semantic Ambiguity
Random Search,Semanti-MOP,3,11386.000000844888,7.126645483431685,343247.5199983527,80,Apache-Flink,Semantic Ambiguity
Random Search,Semanti-MOP,4,11420.00000011194,7.217430776214254,340385.4002518936,80,Apache-Flink,Semantic Ambiguity
Random Search,Semanti-MOP,5,11402.000000023834,7.0812528370404,341903.52048153494,80,Apache-Flink,Semantic Ambiguity
Random Search,Semanti-MOP,6,11359.00000013799,7.172038129822969,345503.9107309519,80,Apache-Flink,Semantic Ambiguity
Random Search,Semanti-MOP,7,11395.000000005522,7.308216068996823,342492.1501777685,80,Apache-Flink,Semantic Ambiguity
Random Search,Semanti-MOP,8,11409.000000087735,7.035860190649116,341313.9099504288,80,Apache-Flink,Semantic Ambiguity
Random Search,Semanti-MOP,9,11395.000000026872,6.990467544257831,342492.1501153551,80,Apache-Flink,Semantic Ambiguity
Random Search,Semanti-MOP,10,11397.00000023293,7.353608715388107,342324.0698983934,80,Apache-Flink,Semantic Ambiguity
Random Search,Semanti-MOP,11,11421.000000113381,6.808896958692692,340300.86999825126,80,Apache-Flink,Semantic Ambiguity
Random Search,Semanti-MOP,12,11406.000000028713,7.308216068996823,341566.72046926134,80,Apache-Flink,Semantic Ambiguity
Random Search,Semanti-MOP,13,11395.000000076225,7.0812528370404,342492.15052238427,80,Apache-Flink,Semantic Ambiguity
Random Search,Semanti-MOP,14,11410.000000142702,7.4443940081706765,341229.6000019484,80,Apache-Flink,Semantic Ambiguity
Random Search,Semanti-MOP,15,11421.00000010962,7.489786654561962,340300.8709730434,80,Apache-Flink,Semantic Ambiguity
Random Search,Semanti-MOP,16,11400.000000603344,7.762142532909669,342071.79995590064,80,Apache-Flink,Semantic Ambiguity
Random Search,Semanti-MOP,17,11414.000000642143,7.035860190649116,340892.1599765809,80,Apache-Flink,Semantic Ambiguity
Random Search,Semanti-MOP,18,11416.000000870614,7.353608715388107,340723.3199837729,80,Apache-Flink,Semantic Ambiguity
Random Search,Semanti-MOP,19,11401.000000148324,7.489786654561962,341987.6705619422,80,Apache-Flink,Semantic Ambiguity
Random Search,Semanti-MOP,20,11438.00000072288,7.0812528370404,338860.79999271134,80,Apache-Flink,Semantic Ambiguity
Random Search,Semanti-MOP,21,11423.00000002317,6.990467544257831,340131.7499942241,80,Apache-Flink,Semantic Ambiguity
Random Search,Semanti-MOP,22,11438.000000005337,7.308216068996823,338860.80073160894,80,Apache-Flink,Semantic Ambiguity
Random Search,Semanti-MOP,23,11394.000000410166,7.172038129822969,342576.1599623169,80,Apache-Flink,Semantic Ambiguity
Random Search,Semanti-MOP,24,11402.000000102342,7.172038129822969,341903.5210532191,80,Apache-Flink,Semantic Ambiguity
Random Search,Semanti-MOP,25,11371.00000007878,7.308216068996823,344502.8707615876,80,Apache-Flink,Semantic Ambiguity
Random Search,Semanti-MOP,26,11423.000000037882,7.172038129822969,340131.7504961634,80,Apache-Flink,Semantic Ambiguity
Random Search,Semanti-MOP,27,11420.000000063714,6.854289605083977,340385.40029256756,80,Apache-Flink,Semantic Ambiguity
Random Search,Semanti-MOP,28,11360.000000010932,7.035860190649116,345420.6001073296,80,Apache-Flink,Semantic Ambiguity
Random Search,Semanti-MOP,29,11402.000000016824,7.126645483431685,341903.5204841523,80,Apache-Flink,Semantic Ambiguity
